Id,I.0408,I.0409,I.0424,I.0525
wavelength_nm,irradiance_W/m^2/nm,irradiance_W/m^2/nm,irradiance_W/m^2/nm,irradiance_W/m^2/nm
344,0,0,0,0
345,0,0,0,0
346,0,0,0,0
347,0,0,0,0
348,0,0,0,0
349,0,0,0,0
350,0.156925,0.001152,0.106,-0.095833
351,0.180785,-0.003593,0.139,-0.081177
352,0.191405,-0.001971,0.149,-0.04467
353,0.201854,0.00603,0.161,-0.056802
354,0.224137,0.003196,0.158,-0.039695
355,0.237819,-0.007157,0.172,-0.022669
356,0.265021,-0.007667,0.176,-0.029921
357,0.270079,-0.002091,0.188,-0.037346
358,0.295713,0.003675,0.192,-0.054434
359,0.350814,0.007944,0.218,-0.020208
360,0.384955,0.008422,0.245,0.014561
361,0.379036,0.002356,0.243,-0.009037
362,0.450612,0.002864,0.249,-0.028531
363,0.489038,0.006288,0.27,-0.0424
364,0.501706,0.00406,0.278,-0.016059
365,0.556471,0.005767,0.291,-1.7E-05
366,0.580245,0.014008,0.313,-0.053114
367,0.560815,0.017321,0.328,-0.049895
368,0.543368,0.010716,0.353,-0.032632
369,0.54932,0.003809,0.356,0.017236
370,0.638773,0.003627,0.367,0.017696
371,0.79699,0.001602,0.403,-0.005701
372,0.81859,0.001026,0.42,-0.013179
373,0.765856,-0.009669,0.431,-0.029927
374,0.817562,-0.00784,0.451,-0.043435
375,0.943315,-0.001505,0.471,-0.004643
376,1.004124,-0.003718,0.482,-0.006937
377,1.036357,-0.000762,0.514,-0.014484
378,1.162932,0.001436,0.559,-0.005867
379,1.262796,-0.000667,0.564,-0.014991
380,1.36629,-0.001763,0.588,-0.048395
381,1.487144,-0.001349,0.611,-0.022608
382,1.544896,0.00185,0.606,-0.01273
383,1.623497,-0.007889,0.647,0.013383
384,1.786633,-0.006399,0.678,-0.016996
385,1.876866,-0.000257,0.709,-0.005073
386,2.000039,0.002463,0.759,-0.001624
387,2.175987,-0.000344,0.78,-0.000248
388,2.255126,0.000541,0.801,-0.023327
389,2.381041,0.002587,0.829,-0.01952
390,2.491373,0.003107,0.852,-0.010532
391,2.611835,-0.001187,0.883,0.017832
392,2.740198,0.003209,0.921,0.000972
393,2.843903,0.002373,0.96,-0.000551
394,2.972619,0.001111,0.965,-0.00835
395,3.067342,-0.000917,1.003,-0.044866
396,3.149727,-0.001999,1.026,-0.050438
397,3.280081,-0.000353,1.063,-0.046441
398,3.338333,0.003036,1.101,-0.047081
399,3.435773,0.001493,1.134,-0.017468
400,3.54061,0.010182,1.157,-0.001462
401,3.548764,0.013997,1.172,-0.002079
402,3.58925,0.01193,1.212,-0.004077
403,3.694628,0.015838,1.253,-0.011585
404,3.766492,0.027471,1.283,-0.016468
405,3.838711,0.045506,1.311,0.015314
406,3.96611,0.117406,1.352,0.014788
407,4.011253,0.382964,1.388,0.012003
408,4.081104,0.895976,1.428,0.012585
409,4.181317,1.950596,1.457,0.046059
410,4.279851,2.964037,1.486,0.066489
411,4.349678,3.492784,1.536,0.062869
412,4.470462,3.843399,1.569,0.109012
413,4.502549,3.885458,1.619,0.155167
414,4.577627,3.968115,1.653,0.234832
415,4.626015,4.04507,1.684,0.378301
416,4.668616,4.135008,1.72,0.64162
417,4.768429,4.264029,1.74,1.112966
418,4.911022,4.414919,1.786,1.752838
419,4.992794,4.505203,1.833,2.892807
420,5.094834,4.592903,1.861,4.560984
421,5.052697,4.536195,1.904,6.379861
422,5.017832,4.479994,1.946,8.95009
423,5.032414,4.448143,1.993,12.239457
424,5.04755,4.405692,2.038,15.06922
425,5.101147,4.351165,2.077,18.568139
426,5.176176,4.288529,2.121,22.448243
427,5.187132,4.166493,2.163,26.776849
428,5.227383,4.119432,2.196,29.9383
429,5.310002,4.124273,2.234,34.705282
430,5.357939,4.154551,2.289,39.030019
431,5.399981,4.230824,2.338,42.803984
432,5.463174,4.398457,2.381,47.874665
433,5.529733,4.607475,2.432,52.401363
434,5.582985,4.793825,2.473,56.283906
435,5.689164,5.063651,2.518,61.762417
436,5.787522,5.309904,2.555,65.865396
437,5.924892,5.546041,2.617,70.592925
438,6.048886,5.722695,2.668,74.100526
439,6.096675,5.809109,2.724,77.100769
440,6.114328,5.806896,2.754,79.400097
441,6.138995,5.802167,2.801,80.756954
442,6.174616,5.79216,2.851,80.761876
443,6.240637,5.819106,2.907,80.083151
444,6.237532,5.792101,2.957,76.820572
445,6.260592,5.789128,3.017,73.594437
446,6.320906,5.831277,3.057,68.36622
447,6.363481,5.85903,3.107,62.210183
448,6.48868,5.965164,3.158,57.295123
449,6.923352,6.35137,3.205,50.635196
450,7.561288,6.929414,3.26,44.212001
451,7.497176,6.862107,3.306,38.347733
452,7.282814,6.661881,3.358,34.301864
453,7.144798,6.555524,3.403,29.6926
454,6.931139,6.399856,3.462,25.940482
455,6.961787,6.488998,3.509,22.687733
456,7.0945,6.676659,3.559,20.288594
457,7.3358,6.979009,3.602,18.024745
458,7.51983,7.21785,3.661,15.732243
459,7.597557,7.317525,3.735,13.978514
460,7.613873,7.331499,3.766,12.525616
461,7.800414,7.481132,3.823,10.766231
462,8.14451,7.731443,3.873,9.35663
463,8.362135,7.823194,3.919,8.017954
464,8.390307,7.748527,3.971,7.088579
465,8.411061,7.641589,4.029,6.078339
466,8.719772,7.827917,4.093,5.022322
467,9.474458,8.46536,4.152,4.270669
468,9.923644,8.845793,4.204,3.783031
469,9.787601,8.734861,4.26,3.18789
470,9.375734,8.429649,4.314,2.868123
471,9.022333,8.201592,4.377,2.47507
472,9.003292,8.27893,4.426,2.263459
473,9.550914,8.943151,4.478,2.073893
474,9.32377,8.836313,4.547,1.901222
475,8.355872,8.003697,4.594,1.818203
476,8.015918,7.73173,4.651,1.761351
477,7.826598,7.582405,4.714,1.663123
478,7.78347,7.536255,4.772,1.685242
479,7.882896,7.599655,4.816,1.657094
480,8.11988,7.792452,4.872,1.686122
481,8.515701,8.113875,4.932,1.788291
482,8.639869,8.179716,4.99,1.854898
483,8.603022,8.097123,5.057,2.040182
484,8.48014,7.965898,5.107,2.208692
485,8.191094,7.701563,5.159,2.415305
486,7.951817,7.50276,5.207,2.757259
487,7.836358,7.439149,5.273,3.068582
488,7.823557,7.488651,5.331,3.563647
489,7.830069,7.548772,5.385,3.933969
490,7.897892,7.691476,5.43,4.464429
491,8.195431,8.042039,5.484,5.091028
492,8.58447,8.458933,5.539,5.693611
493,8.560849,8.441829,5.6,6.452931
494,8.336863,8.203797,5.649,7.048386
495,8.065434,7.900356,5.707,7.784708
496,7.886896,7.669028,5.758,8.652247
497,7.765473,7.482735,5.803,9.492226
498,7.708611,7.372449,5.858,10.242747
499,7.666602,7.277118,5.918,11.197833
500,7.62836,7.193194,5.971,12.197355
501,7.620476,7.16688,6.022,13.22751
502,7.632726,7.169584,6.075,14.255006
503,7.647651,7.198054,6.129,15.081854
504,7.655263,7.230834,6.19,16.189857
505,7.618462,7.247646,6.238,17.20399
506,7.59921,7.284772,6.292,18.337951
507,7.57995,7.328888,6.358,19.382447
508,7.569921,7.369488,6.41,20.312669
509,7.578568,7.421023,6.458,21.376512
510,7.570299,7.433972,6.508,22.49998
511,7.580466,7.44607,6.569,23.519846
512,7.590711,7.439991,6.621,24.592314
513,7.629459,7.433433,6.685,25.556631
514,7.63357,7.382263,6.731,26.408391
515,7.614066,7.294089,6.783,27.320121
516,7.609043,7.211676,6.841,28.305911
517,7.610542,7.130134,6.897,29.154547
518,7.614756,7.075083,6.951,30.048715
519,7.621891,7.038642,7.009,30.745266
520,7.622099,7.000682,7.076,31.538116
521,7.631617,6.993724,7.134,32.367858
522,7.626849,6.996666,7.201,33.097335
523,7.624992,7.027193,7.257,33.867087
524,7.619114,7.072522,7.321,34.48965
525,7.620922,7.125657,7.371,35.01287
526,7.627328,7.211459,7.427,35.629844
527,7.621918,7.287553,7.485,36.179711
528,7.636459,7.384345,7.549,36.794992
529,7.659487,7.474927,7.619,37.31706
530,7.644608,7.516137,7.689,37.80609
531,7.628568,7.527473,7.747,38.216922
532,7.609458,7.534808,7.815,38.703082
533,7.628321,7.547866,7.89,39.193971
534,7.631592,7.520504,7.957,39.625367
535,7.620925,7.464407,8.017,40.018841
536,7.615664,7.388513,8.089,40.392069
537,7.61717,7.309145,8.155,40.761477
538,7.603441,7.230336,8.23,41.032097
539,7.588426,7.13947,8.284,41.454275
540,7.617776,7.094234,8.351,41.799671
541,7.645964,7.055515,8.421,42.238812
542,7.670775,7.038665,8.485,42.544809
543,7.669989,7.010451,8.555,42.813642
544,7.672824,6.997468,8.62,43.054084
545,7.674486,7.00154,8.693,43.375329
546,7.677839,7.032237,8.761,43.66374
547,7.693335,7.073704,8.828,44.050665
548,7.68399,7.120868,8.898,44.312017
549,7.683727,7.181262,8.975,44.567615
550,7.679613,7.245622,9.034,44.838896
551,7.689547,7.329596,9.108,45.199431
552,7.696102,7.410825,9.176,45.48027
553,7.703092,7.47511,9.248,45.697304
554,7.710489,7.539768,9.323,45.906363
555,7.701831,7.583231,9.389,46.230959
556,7.69863,7.620769,9.469,46.387163
557,7.693895,7.64045,9.535,46.687838
558,7.688009,7.652125,9.604,46.985195
559,7.680027,7.645938,9.684,47.284511
560,7.676029,7.635197,9.748,47.625529
561,7.679053,7.626731,9.819,47.750279
562,7.67503,7.605048,9.879,48.040565
563,7.674936,7.583997,9.948,48.310058
564,7.665722,7.555279,10.023,48.611527
565,7.664637,7.537423,10.094,48.844775
566,7.664563,7.524931,10.167,49.060772
567,7.676656,7.533417,10.235,49.312217
568,7.672557,7.526945,10.304,49.529307
569,7.688916,7.543201,10.378,49.818393
570,7.697347,7.55899,10.453,49.99149
571,7.69936,7.567918,10.523,50.18504
572,7.69673,7.583949,10.589,50.376492
573,7.684507,7.592078,10.676,50.620529
574,7.68234,7.615586,10.745,50.818498
575,7.684321,7.632977,10.81,50.974929
576,7.694728,7.658384,10.884,51.274043
577,7.690738,7.661959,10.958,51.359808
578,7.693549,7.674829,11.029,51.475476
579,7.684713,7.664246,11.1,51.605668
580,7.683142,7.659078,11.161,51.696742
581,7.680267,7.642831,11.228,51.876626
582,7.681917,7.630769,11.31,51.900165
583,7.684827,7.618999,11.383,51.996867
584,7.677147,7.591037,11.453,52.136958
585,7.677321,7.564694,11.526,52.06354
586,7.666646,7.532653,11.6,52.001491
587,7.672879,7.512284,11.668,52.037751
588,7.660544,7.480624,11.739,52.078048
589,7.655474,7.456744,11.807,51.913551
590,7.637334,7.42325,11.873,51.890147
591,7.623108,7.405124,11.93,51.89565
592,7.600279,7.386608,12.002,51.723699
593,7.587044,7.375907,12.07,51.676097
594,7.559389,7.36483,12.148,51.531184
595,7.549159,7.360163,12.213,51.288368
596,7.527997,7.355576,12.289,51.143487
597,7.514089,7.358349,12.358,51.042901
598,7.505231,7.374346,12.429,50.758346
599,7.484108,7.372107,12.508,50.544536
600,7.469766,7.381222,12.569,50.303706
601,7.453308,7.387471,12.629,50.037267
602,7.451289,7.402928,12.694,49.731051
603,7.442539,7.412892,12.774,49.428166
604,7.44684,7.431943,12.832,48.998918
605,7.438069,7.431626,12.9,48.731328
606,7.429855,7.431076,12.973,48.26725
607,7.419593,7.420106,13.043,47.902229
608,7.420526,7.418509,13.109,47.47838
609,7.426116,7.408998,13.181,47.115014
610,7.431973,7.410119,13.255,46.651295
611,7.428254,7.389672,13.319,46.216882
612,7.436942,7.38342,13.388,45.701263
613,7.437563,7.368376,13.453,45.194668
614,7.447829,7.356638,13.532,44.74563
615,7.452277,7.348926,13.599,44.155979
616,7.453775,7.333286,13.645,43.701635
617,7.442594,7.312462,13.709,43.107563
618,7.447238,7.313132,13.792,42.612
619,7.443108,7.306166,13.86,42.048363
620,7.447063,7.309728,13.935,41.559209
621,7.443646,7.30863,14.001,40.943039
622,7.439568,7.308205,14.061,40.358615
623,7.412605,7.29675,14.142,39.799481
624,7.396507,7.294899,14.203,39.216134
625,7.37102,7.285594,14.279,38.563629
626,7.35315,7.283488,14.349,38.050667
627,7.328534,7.276373,14.415,37.394481
628,7.313663,7.281709,14.482,36.757749
629,7.295684,7.276266,14.567,36.152654
630,7.298876,7.296753,14.63,35.513367
631,7.28999,7.30203,14.693,34.873174
632,7.27048,7.296327,14.77,34.292235
633,7.236851,7.276861,14.842,33.61644
634,7.208338,7.255626,14.916,33.02065
635,7.169321,7.22419,14.98,32.364343
636,7.146881,7.199286,15.042,31.788254
637,7.112931,7.160182,15.138,31.185001
638,7.095016,7.136113,15.202,30.567583
639,7.068018,7.102812,15.279,29.847068
640,7.055021,7.0833,15.335,29.305048
641,7.037267,7.05022,15.404,28.641587
642,7.040693,7.040984,15.474,28.060489
643,7.026972,7.015786,15.544,27.463207
644,7.035365,7.012915,15.626,26.865991
645,7.036526,7.005319,15.685,26.288946
646,7.069457,7.021947,15.768,25.637848
647,7.098303,7.044444,15.831,25.030905
648,7.147561,7.085601,15.9,24.438211
649,7.164579,7.099013,15.97,23.861651
650,7.181024,7.115753,16.053,23.304065
651,7.10672,7.041959,16.128,22.672897
652,7.013931,6.948581,16.17,22.121413
653,6.930574,6.866454,16.203,21.589499
654,6.889851,6.828472,16.29,21.038576
655,6.846577,6.794069,16.383,20.468584
656,6.828964,6.785251,16.454,19.906618
657,6.80111,6.767431,16.528,19.354095
658,6.793518,6.766092,16.598,18.857609
659,6.781708,6.760412,16.65,18.255562
660,6.765767,6.754662,16.72,17.700289
661,6.769934,6.766821,16.789,17.25882
662,6.770274,6.770752,16.857,16.705611
663,6.786316,6.783192,16.918,16.262031
664,6.785943,6.782038,17.017,15.74299
665,6.809604,6.800825,17.068,15.302953
666,6.815748,6.799195,17.128,14.78212
667,6.841011,6.818336,17.214,14.380464
668,6.848222,6.809083,17.297,13.915008
669,6.863462,6.801873,17.345,13.484182
670,6.854674,6.774955,17.407,13.014536
671,6.864385,6.768186,17.487,12.582651
672,6.862481,6.744649,17.55,12.178359
673,6.868293,6.724734,17.608,11.666784
674,6.874846,6.703225,17.683,11.311025
675,6.868054,6.676264,17.769,10.876454
676,6.871381,6.660987,17.842,10.551102
677,6.85896,6.62785,17.9,10.137475
678,6.862515,6.615683,17.971,9.809113
679,6.857436,6.595137,18.024,9.382439
680,6.888285,6.608145,18.096,9.047182
681,6.939299,6.648621,18.158,8.659003
682,7.089819,6.787925,18.215,8.332174
683,7.306912,6.996695,18.273,7.951719
684,7.420778,7.109426,18.361,7.556966
685,7.339841,7.039272,18.432,7.26927
686,7.233477,6.943264,18.494,6.891224
687,7.180316,6.909819,18.557,6.634045
688,7.14193,6.894356,18.639,6.289691
689,7.14218,6.918512,18.692,6.02302
690,7.098451,6.890528,18.75,5.675742
691,7.022887,6.844365,18.81,5.431122
692,6.909696,6.763637,18.867,5.099568
693,6.781984,6.679747,18.938,4.790398
694,6.706934,6.62294,19.012,4.553631
695,6.596561,6.542749,19.09,4.221986
696,6.514051,6.486512,19.162,4.020724
697,6.428936,6.424054,19.191,3.755357
698,6.393129,6.408658,19.252,3.568201
699,6.347751,6.379816,19.308,3.286203
700,6.3179,6.360472,19.38,3.082958
701,6.267271,6.316958,19.447,2.845236
702,6.228188,6.26665,19.533,2.586683
703,6.202244,6.235175,19.611,2.4354
704,6.173162,6.19178,19.681,2.210485
705,6.177476,6.170904,19.748,2.064156
706,6.177426,6.135761,19.813,1.873329
707,6.211958,6.134411,19.9,1.747188
708,6.26691,6.129867,19.975,1.588563
709,6.326523,6.124258,20.036,1.4243
710,6.422139,6.14998,20.08,1.311743
711,6.506402,6.163735,20.164,1.170814
712,6.606542,6.187525,20.244,1.084019
713,6.652739,6.149581,20.301,0.98107
714,6.648934,6.026272,20.365,0.883105
715,6.609322,5.891984,20.431,0.805615
716,6.524125,5.719833,20.477,0.699623
717,6.460465,5.57055,20.539,0.652677
718,6.384802,5.403298,20.577,0.5896
719,6.321864,5.248386,20.639,0.526165
720,6.180267,5.013134,20.679,0.479677
721,6.053525,4.807215,20.744,0.448956
722,5.980079,4.651416,20.822,0.415058
723,5.911238,4.501211,20.867,0.3518
724,5.904282,4.401043,20.936,0.338166
725,5.885184,4.287544,20.975,0.305278
726,5.928455,4.211609,21.019,0.259617
727,6.015803,4.189807,21.072,0.263411
728,6.118602,4.168793,21.097,0.234046
729,6.253972,4.17885,21.142,0.208722
730,6.338764,4.127314,21.179,0.187393
731,6.509021,4.124371,21.233,0.162295
732,6.770227,4.196064,21.293,0.150519
733,6.967577,4.207149,21.334,0.13952
734,7.016156,4.118385,21.39,0.137693
735,6.824307,3.85937,21.428,0.130816
736,6.520117,3.52128,21.466,0.125542
737,6.348848,3.293354,21.482,0.125343
738,6.234588,3.087053,21.513,0.109783
739,6.214027,2.95035,21.543,0.097222
740,6.244493,2.803147,21.581,0.093047
741,6.237085,2.647431,21.626,0.073221
742,6.238474,2.513871,21.673,0.064135
743,6.166343,2.320327,21.729,0.06854
744,6.106069,2.156141,21.766,0.059214
745,5.996816,1.93272,21.797,0.052321
746,5.909533,1.735666,21.823,0.056214
747,5.87335,1.594062,21.855,0.053664
748,5.834538,1.4257,21.891,0.048733
749,5.872944,1.273578,21.933,0.043415
750,5.907228,1.174082,21.976,0.041802
751,5.879342,1.02253,22.013,0.03549
752,5.857043,0.912462,22.046,0.035257
753,5.814615,0.764485,22.047,0.051913
754,5.722279,0.628592,22.079,0.037193
755,5.604035,0.526919,22.102,0.023418
756,5.495438,0.418832,22.141,0.033274
757,5.461332,0.337103,22.147,0.045671
758,5.499036,0.298157,22.16,0.025308
759,5.548772,0.252322,22.202,0.019646
760,5.714407,0.232253,22.263,0.022959
761,5.902666,0.208965,22.27,0.027136
762,6.03982,0.181336,22.327,0.021749
763,6.720318,0.210501,22.358,0.024517
764,8.691375,0.355233,22.397,0.031564
765,10.450536,0.48826,22.43,0.029507
766,9.425578,0.338651,22.432,0.01912
767,7.78502,0.169485,22.473,0.009115
768,6.347279,0.083282,22.529,0.016652
769,5.677537,0.055962,22.562,0.016544
770,5.251204,0.04198,22.614,0.017495
771,5.019819,0.03583,22.635,0.018219
772,4.83423,0.029564,22.665,0.029783
773,4.710708,0.024541,22.715,0.033954
774,4.600552,0.02255,22.757,0.019821
775,4.425515,0.022244,22.793,0.014597
776,4.301443,0.01571,22.83,0.004264
777,4.258226,0.018111,22.867,-0.003306
778,4.178448,0.015063,22.902,0.006357
779,4.129327,0.015963,22.938,0.026757
780,4.130795,0.013418,22.964,0.025048
781,4.107095,0.010794,23.002,0.022555
782,4.127507,0.010958,23.083,0.009426
783,4.16123,0.012622,23.118,0.010888
784,4.138233,0.010927,23.159,-0.004859
785,4.129716,0.010753,23.187,-0.01156
786,4.17188,0.012114,23.232,0.003003
787,4.203223,0.011424,23.287,-0.00099
788,4.412696,0.011109,23.333,0.012538
789,4.869814,0.014137,23.351,0.002916
790,5.231143,0.014888,23.392,0.00292
791,5.255588,0.013272,23.463,0.012334
792,5.060402,0.014318,23.499,0.001767
793,4.785885,0.013339,23.534,0.022437
794,4.559939,0.013576,23.571,0.016083
795,4.510562,0.014245,23.571,0.018649
796,4.533619,0.011737,23.548,0.030994
797,4.738488,0.013461,23.568,0.029352
798,4.922266,0.015724,23.6,0.014016
799,4.94307,0.009536,23.649,0.015335
800,4.895838,0.013034,23.759,0.01212
801,4.850144,0.010089,23.871,0.002045
802,4.723283,0.007767,23.973,0.004984
803,4.620407,0.008097,24.034,-0.002819
804,4.574708,0.01094,24.099,-0.004413
805,4.519333,0.01033,24.145,0.008821
806,4.481881,0.009535,24.176,0.01518
807,4.557764,0.008831,24.202,-0.004189
808,4.624673,0.006888,24.221,0.005504
809,4.673898,0.007539,24.277,0.015008
810,4.781107,0.011719,24.31,0.002194
811,4.877326,0.01115,24.322,-0.007799
812,4.940161,0.012594,24.346,-0.000702
813,5.066292,0.008516,24.345,0.007129
814,5.211769,0.008264,24.364,-0.0009
815,5.345635,0.010472,24.374,-0.005852
816,5.663579,0.010714,24.395,-0.006891
817,6.10987,0.006902,24.413,-0.004931
818,6.898673,0.007777,24.433,-0.00251
819,7.885119,0.009907,24.471,0.002184
820,9.617455,0.010835,24.488,0.00187
821,13.655499,0.019338,24.507,-0.011141
822,21.11999,0.044276,24.526,-0.01827
823,37.199488,0.187098,24.538,-0.022787
824,42.173469,0.30658,24.528,-0.03246
825,42.635113,0.210735,24.546,-0.026975
826,35.643172,0.086347,24.593,0.015305
827,29.61358,0.052253,24.609,0.01972
828,31.937323,0.052933,24.632,-0.019751
829,30.091017,0.042336,24.657,-0.017945
830,21.828999,0.018985,24.66,-0.011597
831,16.171317,0.012255,24.691,-0.007092
832,12.861587,0.008367,24.703,-0.00152
833,12.262781,0.008066,24.705,6.9E-05
834,15.244663,0.013017,24.743,-0.008151
835,19.393644,0.013018,24.764,-0.020108
836,17.833405,0.009181,24.747,-0.011411
837,13.547164,0.005732,24.802,-0.022555
838,10.504065,0.003975,24.82,-0.023171
839,8.175585,0.005724,24.816,-0.007305
840,7.913454,0.006482,24.84,-0.007544
841,9.834367,0.004785,24.865,-0.025006
842,9.9268,0.00585,24.867,-0.026564
843,7.882361,0.004365,24.898,-0.026889
844,5.776355,0.004477,24.917,-0.035812
845,4.625717,0.004779,24.903,-0.030596
846,3.757574,0.005874,24.92,-0.00156
847,3.289091,0.007725,24.928,0.004346
848,2.907896,0.003468,24.971,0.008256
849,2.712319,0.003389,24.947,-0.000106
850,2.538613,0.000527,24.975,0.002832
851,2.397869,-0.000713,25.003,0.02091
852,2.313287,0.003154,25.024,-0.021122
853,2.309329,0.002798,25.033,-0.008447
854,2.2688,-0.000751,25.068,0.019088
855,2.222089,0.000552,25.077,0.002229
856,2.217746,0.002082,25.111,0.021881
857,2.253352,0.002164,25.114,0.024524
858,2.289181,0.003827,25.151,0.006096
859,2.292438,0.003725,25.156,-0.016448
860,2.347334,0.005895,25.183,0.005427
861,2.394288,0.003657,25.179,-0.005461
862,2.429416,0.002095,25.22,-0.023677
863,2.466384,0.002621,25.281,0.006262
864,2.606861,-0.001396,25.271,-0.014292
865,2.835064,-4E-06,25.27,-0.002614
866,3.092231,0.001005,25.267,0.010977
867,3.258626,0.005808,25.286,0.022218
868,3.523919,0.005104,25.259,0.024164
869,3.823975,0.002959,25.219,0.016396
870,4.142693,0.003452,25.233,0.001041
871,4.42788,0.003574,25.169,-0.025876
872,4.843279,0.006482,25.226,0.013
873,5.308027,0.005219,25.217,-0.004172
874,5.807513,0.003326,25.26,-0.032696
875,6.474695,0.001702,25.286,-0.01453
876,7.143927,0.002106,25.302,-0.002937
877,8.343185,0.001964,25.359,-0.011234
878,9.913651,0.003829,25.383,-0.024728
879,13.148296,0.016285,25.398,-0.012163
880,18.245065,0.020054,25.48,0.01578
881,29.589188,0.040208,25.509,0.032165
882,40.988434,0.075376,25.566,0.005624
883,46.158007,0.098748,25.601,-0.028417
884,43.739277,0.083636,25.65,-0.047178
885,37.174845,0.052211,25.692,-0.004095
886,28.717499,0.032337,25.75,-0.007385
887,21.958815,0.01841,25.747,-0.021485
888,17.91242,0.005254,25.765,-0.019415
889,14.678902,0.008633,25.808,-0.026449
890,12.954632,0.004361,25.832,0.004472
891,11.867831,0.00119,25.866,-0.013683
892,11.590993,0.007844,25.893,-0.005091
893,12.29053,0.010037,25.926,-0.001675
894,15.441452,0.005882,25.942,-0.029561
895,21.173151,0.006201,25.917,0.006823
896,25.717285,0.009471,25.965,0.008569
897,22.993571,0.004862,25.972,0.001872
898,19.130481,0.003921,25.973,-0.017013
899,15.185306,0.00462,26.007,-0.032371
900,12.715502,0.000476,26.04,0.007861
901,10.867676,0.012215,26.019,0.00903
902,10.215359,0.008339,26.056,-0.041525
903,11.319525,0.00084,26.082,-0.030685
904,18.33194,0.004521,26.085,0.006775
905,27.786864,0.01107,26.127,-0.003691
906,26.560113,0.009318,26.158,-0.010698
907,19.804588,-0.003638,26.202,-0.004046
908,14.100085,0.001931,26.235,-0.021428
909,10.764486,-0.004483,26.257,-0.012946
910,8.360583,-0.001592,26.283,-0.020615
911,7.399858,-0.002975,26.343,-0.037083
912,7.294017,-0.002261,26.37,-0.041519
913,8.258924,-0.000397,26.446,-0.010978
914,10.407684,-0.001762,26.451,-0.005169
915,16.30398,-0.000273,26.493,-0.000617
916,26.732339,0.004148,26.553,0.022945
917,32.334542,0.000128,26.604,-0.003727
918,30.079151,0.007177,26.659,-0.034035
919,23.886621,0.00348,26.679,-0.0201
920,18.105006,0.000747,26.73,0.017987
921,14.387897,-0.003287,26.796,-0.010526
922,11.13531,-0.003662,26.819,-0.028477
923,8.792219,-0.008841,26.867,-0.051962
924,7.275259,0.003117,26.917,-0.057976
925,5.854676,0.00215,26.962,-0.025668
926,4.748361,-0.004645,27.031,-0.01424
927,4.129043,0.007296,27.102,-0.033896
928,3.48547,0.003662,27.14,0.021349
929,3.113605,-0.001612,27.197,0.00618
930,2.964355,-0.010687,27.254,-0.072265
931,2.869219,-0.00699,27.279,-0.059868
932,2.856885,0.000745,27.34,-0.082356
933,2.77819,-0.008802,27.4,-0.080247
934,2.83654,-0.002774,27.412,-0.037253
935,2.868762,-0.003246,27.416,-0.080883
936,3.162607,-0.007105,27.415,0.001171
937,3.859011,0.003816,27.404,-0.057707
938,4.698278,0.003786,27.361,-0.130037
939,5.390404,0.00429,27.398,-0.021833
940,5.273694,0.008112,27.454,0.003144
941,4.748896,0.001683,27.515,0.004055
942,4.304468,0.000142,27.556,-0.04268
943,3.623914,-0.008242,27.642,-0.05218
944,3.208344,-0.004385,27.778,-0.026245
945,3.09533,-0.018995,27.884,-0.009339
946,3.072952,-0.016266,27.992,-0.02812
947,3.00357,0.009466,28.063,-0.028056
948,3.020095,-0.004189,28.18,-0.046985
949,3.154606,0.00365,28.203,0.018972
950,3.439501,0.011137,28.309,-0.091156
951,3.76546,0.000663,28.428,-0.197428
952,3.732763,0.00717,28.462,-0.158397
953,3.264264,-0.011762,28.529,-0.210819
954,2.591088,-0.006843,28.614,-0.145611
955,1.952278,0.003633,28.635,-0.034366
956,1.475772,0.018911,28.721,0.029525
957,1.082819,0.0105,28.763,-0.014774
958,0.816525,-0.000645,28.835,-0.053447
959,0.643663,-0.009421,28.866,-0.032379
960,0.550285,0.008666,28.979,-0.00443
961,0.500067,-0.008922,29.034,-0.078622
962,0.449047,-0.004907,29.058,-0.145742
963,0.420371,-0.005652,29.142,-0.077076
964,0.405739,-0.001647,29.102,-0.082241
965,0.411862,7.5E-05,29.213,-0.122464
966,0.42577,-0.002165,29.267,-0.036659
967,0.443481,-0.011133,29.293,-0.122277
968,0.541886,-0.011308,29.358,-0.165768
969,0.633393,0.015988,29.401,-0.032308
970,0.707336,-0.005325,29.439,0.100789
971,0.759114,-0.000733,29.452,0.046815
972,0.7858,-0.021248,29.638,-0.038698
973,0.861717,0.006709,29.595,-0.018272
974,0.905899,0.001917,29.585,-0.040247
975,0.94321,0.004992,29.706,-0.086045
976,1.079965,-0.02996,29.756,-0.175989
977,1.589291,-0.016099,29.773,-0.161261
978,3.281476,-0.002345,29.862,-0.247804
979,8.221559,-0.021976,29.71,-0.096429
980,14.559404,0.015941,29.803,0.098371
981,14.885479,0.003316,29.839,-0.031898
982,9.871264,0.016958,29.793,-0.162306
983,5.579225,0.005719,29.859,-0.010486
984,2.484939,0.01404,29.883,-0.08051
985,1.066512,0.022621,29.883,-0.314828
986,0.537666,0.000654,29.928,-0.139468
987,0.398584,-0.01078,29.906,-0.035725
988,0.38805,-0.021876,29.959,-0.209798
989,0.491143,-0.009862,29.97,-0.0342
990,0.716304,0.003073,29.963,0.065811
991,1.530174,0.000814,29.928,0.020317
992,4.623271,-0.017578,29.982,-0.1536
993,9.113148,-2.7E-05,29.914,-0.139807
994,9.59949,0.012465,29.923,0.046784
995,6.748494,-0.010608,29.938,-0.139932
996,3.837659,-0.019886,29.955,-0.108813
997,2.178227,-0.009821,29.891,-0.042308
998,1.035869,-0.042575,29.961,-0.170233
999,0.566089,-0.011275,29.92,-0.257663
1000,0.374492,-0.001526,29.872,-0.410412
1001,0.282772,-0.026104,29.831,-0.414235
1002,0.232433,0.019706,30.021,-0.006727
1003,0.230911,0.001064,29.953,0.182469
1004,0.191745,0.038434,29.836,0.045186
1005,0.168348,-0.018621,29.741,-0.229724
1006,0.195404,-0.010506,29.761,-0.147352
1007,0.188681,0.033642,29.668,-0.4455
1008,0.233008,0.014838,29.642,-0.566698
1009,0.182391,-0.024225,29.554,-0.412439
1010,0.214682,0.040781,29.559,-0.2067
1011,0.219,0.001013,29.475,-0.155763
1012,0.234326,0.039034,29.417,-0.365415
1013,0.2733,-0.029068,29.403,-0.414364
1014,0.296745,0.050029,29.407,-0.085466
1015,0.231602,-0.01339,29.376,0.109291
1016,0.2094,-0.066411,29.29,-0.350226
1017,0.149805,-0.074885,29.321,-0.360915
1018,0.217318,-0.006803,29.252,-0.010803
1019,0.101744,-0.069656,28.91,-0.118253
1020,0.122103,-0.047326,28.86,-0.155446
1021,0.239336,-0.011842,28.871,0.34664
1022,0.183061,-0.022367,28.821,0.01559
1023,0.229648,0.070882,28.741,-0.151458
1024,0.225794,-0.000677,28.748,0.394893
1025,0.260318,0.006348,28.548,-0.144118
1026,0.198237,0.035319,28.467,-0.753309
1027,0.138584,0.092326,28.369,-0.681951
1028,0.168482,0.019322,28.466,-0.392218
1029,0.230995,0.058796,28.37,0.168635
1030,0.136521,-0.032486,28.04,-0.541777
1031,0.148803,-0.048779,28.258,-0.768953
1032,0.097557,-0.169903,28.011,-0.452185
1033,0.070059,-0.012295,28.009,-0.597098
1034,0.153269,-0.168928,27.79,-0.723176
1035,0.204046,0.189074,27.564,-0.657221
1036,0.330658,0.137082,27.791,-0.511122
1037,0.142984,-0.075521,27.199,-0.885248
1038,0.126716,-0.068508,27.435,-1.04839
1039,0.248639,-0.122477,26.975,-1.121897
1040,0.071988,-0.058151,27.432,-0.94317
1041,0.106934,-0.159128,27.155,-0.409199
1042,0.167082,-0.068485,27.073,-0.460724
1043,0.213475,0.016233,26.636,-0.246528
1044,0.121043,0.005173,26.73,0.435452
1045,0.188792,-0.049624,,0.184863
